{
  "bytes": 196372,
  "datahub": {
    "created": "2018-08-22T01:38:20.339531",
    "findability": "published",
    "flowid": "machine-learning/autos/2",
    "modified": "2018-09-06T13:41:54.588365",
    "owner": "machine-learning",
    "ownerid": "machine-learning"
  },
  "description": "The resources for this dataset can be found at https://www.openml.org/d/9\n\nAuthor: Jeffrey C. Schlim",
  "hash": "3f0a6388c316c197864875d3ce6ee513",
  "id": "machine-learning/autos",
  "licenses": [
    {
      "name": "ODC-PDDL",
      "path": "http://opendatacommons.org/licenses/pddl/",
      "title": "Open Data Commons Public Domain Dedication and License"
    }
  ],
  "name": "autos",
  "resources": [
    {
      "bytes": 30728,
      "datahub": {
        "type": "original"
      },
      "dpp:streamedFrom": "https://s3.amazonaws.com/rawstore.datahub.io/0c49b18e870402f743ed44f5c2ffe021.arff",
      "encoding": "ISO-8859-1",
      "format": "arff",
      "name": "autos_arff",
      "path": "archive/autos_arff.arff",
      "pathType": "local",
      "profile": "data-resource"
    },
    {
      "bytes": 24805,
      "datahub": {
        "type": "original"
      },
      "dialect": {
        "delimiter": ",",
        "quoteChar": "\""
      },
      "dpp:streamedFrom": "https://s3.amazonaws.com/rawstore.datahub.io/ac57bdf06d1a1f187db720ba88c6afeb.csv",
      "encoding": "ISO-8859-1",
      "format": "csv",
      "mediatype": "text/csv",
      "name": "autos_original",
      "path": "archive/autos.csv",
      "pathType": "local",
      "profile": "data-resource",
      "schema": {
        "fields": [
          {
            "format": "default",
            "name": "normalized-losses",
            "type": "number"
          },
          {
            "format": "default",
            "name": "make",
            "type": "string"
          },
          {
            "format": "default",
            "name": "fuel-type",
            "type": "string"
          },
          {
            "format": "default",
            "name": "aspiration",
            "type": "string"
          },
          {
            "format": "default",
            "name": "num-of-doors",
            "type": "string"
          },
          {
            "format": "default",
            "name": "body-style",
            "type": "string"
          },
          {
            "format": "default",
            "name": "drive-wheels",
            "type": "string"
          },
          {
            "format": "default",
            "name": "engine-location",
            "type": "string"
          },
          {
            "format": "default",
            "name": "wheel-base",
            "type": "number"
          },
          {
            "format": "default",
            "name": "length",
            "type": "number"
          },
          {
            "format": "default",
            "name": "width",
            "type": "number"
          },
          {
            "format": "default",
            "name": "height",
            "type": "number"
          },
          {
            "format": "default",
            "name": "curb-weight",
            "type": "year"
          },
          {
            "format": "default",
            "name": "engine-type",
            "type": "string"
          },
          {
            "format": "default",
            "name": "num-of-cylinders",
            "type": "string"
          },
          {
            "format": "default",
            "name": "engine-size",
            "type": "number"
          },
          {
            "format": "default",
            "name": "fuel-system",
            "type": "string"
          },
          {
            "format": "default",
            "name": "bore",
            "type": "number"
          },
          {
            "format": "default",
            "name": "stroke",
            "type": "number"
          },
          {
            "format": "default",
            "name": "compression-ratio",
            "type": "any"
          },
          {
            "format": "default",
            "name": "horsepower",
            "type": "number"
          },
          {
            "format": "default",
            "name": "peak-rpm",
            "type": "number"
          },
          {
            "format": "default",
            "name": "city-mpg",
            "type": "number"
          },
          {
            "format": "default",
            "name": "highway-mpg",
            "type": "number"
          },
          {
            "format": "default",
            "name": "price",
            "type": "number"
          },
          {
            "format": "default",
            "name": "symboling",
            "type": "number"
          }
        ],
        "missingValues": [
          ""
        ]
      }
    },
    {
      "bytes": 771,
      "datahub": {
        "type": "derived/report"
      },
      "description": "Validation report for tabular data",
      "dpp:streamedFrom": "/tmp/tmp_9oydwhh/machine-learning/autos/validation_report/data/96049ffed265a791d1fb351355d6bef0/validation_report.json",
      "format": "json",
      "hash": "96049ffed265a791d1fb351355d6bef0",
      "name": "validation_report",
      "path": "data/validation_report.json",
      "profile": "data-resource"
    },
    {
      "bytes": 25011,
      "datahub": {
        "derivedFrom": [
          "autos"
        ],
        "type": "derived/csv"
      },
      "delimiter": ",",
      "dialect": {
        "delimiter": ",",
        "doubleQuote": true,
        "lineTerminator": "\r\n",
        "quoteChar": "\"",
        "skipInitialSpace": false
      },
      "dpp:streamedFrom": "/tmp/tmp_9oydwhh/machine-learning/autos/autos_csv/data/ac57bdf06d1a1f187db720ba88c6afeb/autos_csv.csv",
      "encoding": "utf-8",
      "format": "csv",
      "hash": "ac57bdf06d1a1f187db720ba88c6afeb",
      "mediatype": "text/csv",
      "name": "autos_csv",
      "path": "data/autos_csv.csv",
      "pathType": "local",
      "profile": "data-resource",
      "quotechar": "\"",
      "rowcount": 205,
      "schema": {
        "fields": [
          {
            "decimalChar": ".",
            "format": "default",
            "groupChar": "",
            "name": "normalized-losses",
            "type": "number"
          },
          {
            "format": "default",
            "name": "make",
            "type": "string"
          },
          {
            "format": "default",
            "name": "fuel-type",
            "type": "string"
          },
          {
            "format": "default",
            "name": "aspiration",
            "type": "string"
          },
          {
            "format": "default",
            "name": "num-of-doors",
            "type": "string"
          },
          {
            "format": "default",
            "name": "body-style",
            "type": "string"
          },
          {
            "format": "default",
            "name": "drive-wheels",
            "type": "string"
          },
          {
            "format": "default",
            "name": "engine-location",
            "type": "string"
          },
          {
            "decimalChar": ".",
            "format": "default",
            "groupChar": "",
            "name": "wheel-base",
            "type": "number"
          },
          {
            "decimalChar": ".",
            "format": "default",
            "groupChar": "",
            "name": "length",
            "type": "number"
          },
          {
            "decimalChar": ".",
            "format": "default",
            "groupChar": "",
            "name": "width",
            "type": "number"
          },
          {
            "decimalChar": ".",
            "format": "default",
            "groupChar": "",
            "name": "height",
            "type": "number"
          },
          {
            "format": "default",
            "name": "curb-weight",
            "type": "year"
          },
          {
            "format": "default",
            "name": "engine-type",
            "type": "string"
          },
          {
            "format": "default",
            "name": "num-of-cylinders",
            "type": "string"
          },
          {
            "decimalChar": ".",
            "format": "default",
            "groupChar": "",
            "name": "engine-size",
            "type": "number"
          },
          {
            "format": "default",
            "name": "fuel-system",
            "type": "string"
          },
          {
            "decimalChar": ".",
            "format": "default",
            "groupChar": "",
            "name": "bore",
            "type": "number"
          },
          {
            "decimalChar": ".",
            "format": "default",
            "groupChar": "",
            "name": "stroke",
            "type": "number"
          },
          {
            "format": "default",
            "name": "compression-ratio",
            "type": "any"
          },
          {
            "decimalChar": ".",
            "format": "default",
            "groupChar": "",
            "name": "horsepower",
            "type": "number"
          },
          {
            "decimalChar": ".",
            "format": "default",
            "groupChar": "",
            "name": "peak-rpm",
            "type": "number"
          },
          {
            "decimalChar": ".",
            "format": "default",
            "groupChar": "",
            "name": "city-mpg",
            "type": "number"
          },
          {
            "decimalChar": ".",
            "format": "default",
            "groupChar": "",
            "name": "highway-mpg",
            "type": "number"
          },
          {
            "decimalChar": ".",
            "format": "default",
            "groupChar": "",
            "name": "price",
            "type": "number"
          },
          {
            "decimalChar": ".",
            "format": "default",
            "groupChar": "",
            "name": "symboling",
            "type": "number"
          }
        ],
        "missingValues": [
          ""
        ]
      },
      "signed": true
    },
    {
      "bytes": 111511,
      "datahub": {
        "derivedFrom": [
          "autos"
        ],
        "type": "derived/json"
      },
      "delimiter": ",",
      "dialect": {
        "delimiter": ",",
        "quoteChar": "\""
      },
      "dpp:streamedFrom": "/tmp/tmp_9oydwhh/machine-learning/autos/autos_json/data/8b17c4a98f7851fb204697f43a5185fe/autos_json.json",
      "encoding": "utf-8",
      "format": "json",
      "hash": "8b17c4a98f7851fb204697f43a5185fe",
      "mediatype": "text/csv",
      "name": "autos_json",
      "path": "data/autos_json.json",
      "pathType": "local",
      "profile": "data-resource",
      "quotechar": "\"",
      "rowcount": 205,
      "schema": {
        "fields": [
          {
            "format": "default",
            "name": "normalized-losses",
            "type": "number"
          },
          {
            "format": "default",
            "name": "make",
            "type": "string"
          },
          {
            "format": "default",
            "name": "fuel-type",
            "type": "string"
          },
          {
            "format": "default",
            "name": "aspiration",
            "type": "string"
          },
          {
            "format": "default",
            "name": "num-of-doors",
            "type": "string"
          },
          {
            "format": "default",
            "name": "body-style",
            "type": "string"
          },
          {
            "format": "default",
            "name": "drive-wheels",
            "type": "string"
          },
          {
            "format": "default",
            "name": "engine-location",
            "type": "string"
          },
          {
            "format": "default",
            "name": "wheel-base",
            "type": "number"
          },
          {
            "format": "default",
            "name": "length",
            "type": "number"
          },
          {
            "format": "default",
            "name": "width",
            "type": "number"
          },
          {
            "format": "default",
            "name": "height",
            "type": "number"
          },
          {
            "format": "default",
            "name": "curb-weight",
            "type": "year"
          },
          {
            "format": "default",
            "name": "engine-type",
            "type": "string"
          },
          {
            "format": "default",
            "name": "num-of-cylinders",
            "type": "string"
          },
          {
            "format": "default",
            "name": "engine-size",
            "type": "number"
          },
          {
            "format": "default",
            "name": "fuel-system",
            "type": "string"
          },
          {
            "format": "default",
            "name": "bore",
            "type": "number"
          },
          {
            "format": "default",
            "name": "stroke",
            "type": "number"
          },
          {
            "format": "default",
            "name": "compression-ratio",
            "type": "any"
          },
          {
            "format": "default",
            "name": "horsepower",
            "type": "number"
          },
          {
            "format": "default",
            "name": "peak-rpm",
            "type": "number"
          },
          {
            "format": "default",
            "name": "city-mpg",
            "type": "number"
          },
          {
            "format": "default",
            "name": "highway-mpg",
            "type": "number"
          },
          {
            "format": "default",
            "name": "price",
            "type": "number"
          },
          {
            "format": "default",
            "name": "symboling",
            "type": "number"
          }
        ],
        "missingValues": [
          ""
        ]
      },
      "signed": true
    },
    {
      "bytes": 3546,
      "dpp:streamedFrom": "/tmp/tmpss29ke97/README.md",
      "format": "md",
      "name": "readme",
      "path": "README.md"
    }
  ],
  "title": "Autos"
}